sample_id,label,label_name
ORIC_00096,1,oriC_like
ORIC_00198,1,oriC_like
ORIC_00435,0,non_oriC_like
ORIC_00278,0,non_oriC_like
ORIC_01131,1,oriC_like
ORIC_00292,0,non_oriC_like
ORIC_01026,1,oriC_like
ORIC_01325,0,non_oriC_like
ORIC_00200,1,oriC_like
ORIC_01110,1,oriC_like
ORIC_00255,0,non_oriC_like
ORIC_00206,1,oriC_like
ORIC_00221,1,oriC_like
ORIC_00969,0,non_oriC_like
ORIC_01488,0,non_oriC_like
ORIC_00222,1,oriC_like
ORIC_00197,1,oriC_like
ORIC_00261,0,non_oriC_like
ORIC_00061,1,oriC_like
ORIC_00125,1,oriC_like
ORIC_00169,1,oriC_like
ORIC_00654,1,oriC_like
ORIC_01133,1,oriC_like
ORIC_00761,0,non_oriC_like
ORIC_00330,0,non_oriC_like
ORIC_00173,1,oriC_like
ORIC_00888,0,non_oriC_like
ORIC_01109,1,oriC_like
ORIC_00527,1,oriC_like
ORIC_00143,1,oriC_like
ORIC_00068,1,oriC_like
ORIC_00823,0,non_oriC_like
ORIC_00544,1,oriC_like
ORIC_00551,1,oriC_like
ORIC_01446,0,non_oriC_like
ORIC_00889,0,non_oriC_like
ORIC_01072,1,oriC_like
ORIC_00569,1,oriC_like
ORIC_00683,1,oriC_like
ORIC_00507,1,oriC_like
ORIC_00275,0,non_oriC_like
ORIC_00817,0,non_oriC_like
ORIC_00054,1,oriC_like
ORIC_00220,1,oriC_like
ORIC_00701,1,oriC_like
ORIC_00334,0,non_oriC_like
ORIC_00821,0,non_oriC_like
ORIC_01233,1,oriC_like
ORIC_01201,1,oriC_like
ORIC_01063,1,oriC_like
ORIC_00637,1,oriC_like
ORIC_00696,1,oriC_like
ORIC_01065,1,oriC_like
ORIC_00471,0,non_oriC_like
ORIC_00794,0,non_oriC_like
ORIC_00463,0,non_oriC_like
ORIC_00136,1,oriC_like
ORIC_00687,1,oriC_like
ORIC_01107,1,oriC_like
ORIC_00694,1,oriC_like
ORIC_01016,1,oriC_like
ORIC_00932,0,non_oriC_like
ORIC_01236,1,oriC_like
ORIC_00699,1,oriC_like
ORIC_00262,0,non_oriC_like
ORIC_00093,1,oriC_like
ORIC_00244,1,oriC_like
ORIC_00465,0,non_oriC_like
ORIC_00745,1,oriC_like
ORIC_00607,1,oriC_like
ORIC_01473,0,non_oriC_like
ORIC_01377,0,non_oriC_like
ORIC_00800,0,non_oriC_like
ORIC_01027,1,oriC_like
ORIC_00188,1,oriC_like
ORIC_01043,1,oriC_like
ORIC_00149,1,oriC_like
ORIC_01419,0,non_oriC_like
ORIC_01245,1,oriC_like
ORIC_00150,1,oriC_like
ORIC_00930,0,non_oriC_like
ORIC_00086,1,oriC_like
ORIC_01478,0,non_oriC_like
ORIC_00877,0,non_oriC_like
ORIC_01314,0,non_oriC_like
ORIC_00758,0,non_oriC_like
ORIC_00202,1,oriC_like
ORIC_00505,1,oriC_like
ORIC_00720,1,oriC_like
ORIC_00336,0,non_oriC_like
ORIC_00954,0,non_oriC_like
ORIC_00775,0,non_oriC_like
ORIC_00711,1,oriC_like
ORIC_00451,0,non_oriC_like
ORIC_00988,0,non_oriC_like
ORIC_00216,1,oriC_like
ORIC_01116,1,oriC_like
ORIC_00266,0,non_oriC_like
ORIC_00428,0,non_oriC_like
ORIC_01009,1,oriC_like
ORIC_00184,1,oriC_like
ORIC_01359,0,non_oriC_like
ORIC_00894,0,non_oriC_like
ORIC_00394,0,non_oriC_like
ORIC_01288,0,non_oriC_like
ORIC_00751,0,non_oriC_like
ORIC_00080,1,oriC_like
ORIC_00084,1,oriC_like
ORIC_00444,0,non_oriC_like
ORIC_01394,0,non_oriC_like
ORIC_00363,0,non_oriC_like
ORIC_01363,0,non_oriC_like
ORIC_00858,0,non_oriC_like
ORIC_01324,0,non_oriC_like
ORIC_01099,1,oriC_like
ORIC_00407,0,non_oriC_like
ORIC_01430,0,non_oriC_like
ORIC_00628,1,oriC_like
ORIC_01092,1,oriC_like
ORIC_00269,0,non_oriC_like
ORIC_00089,1,oriC_like
ORIC_01087,1,oriC_like
ORIC_01204,1,oriC_like
ORIC_00367,0,non_oriC_like
ORIC_00146,1,oriC_like
ORIC_01299,0,non_oriC_like
ORIC_00253,0,non_oriC_like
ORIC_00975,0,non_oriC_like
ORIC_01258,0,non_oriC_like
ORIC_00014,1,oriC_like
ORIC_00038,1,oriC_like
ORIC_00057,1,oriC_like
ORIC_00487,0,non_oriC_like
ORIC_00022,1,oriC_like
ORIC_00088,1,oriC_like
ORIC_01447,0,non_oriC_like
ORIC_01399,0,non_oriC_like
ORIC_01464,0,non_oriC_like
ORIC_00327,0,non_oriC_like
ORIC_00174,1,oriC_like
ORIC_01105,1,oriC_like
ORIC_00432,0,non_oriC_like
ORIC_00781,0,non_oriC_like
ORIC_01482,0,non_oriC_like
ORIC_01000,0,non_oriC_like
ORIC_00298,0,non_oriC_like
ORIC_00370,0,non_oriC_like
ORIC_00333,0,non_oriC_like
ORIC_01481,0,non_oriC_like
ORIC_00866,0,non_oriC_like
ORIC_00234,1,oriC_like
ORIC_01459,0,non_oriC_like
ORIC_01051,1,oriC_like
ORIC_00335,0,non_oriC_like
ORIC_00122,1,oriC_like
ORIC_00801,0,non_oriC_like
ORIC_00594,1,oriC_like
ORIC_00225,1,oriC_like
ORIC_00351,0,non_oriC_like
ORIC_00158,1,oriC_like
ORIC_00665,1,oriC_like
ORIC_01494,0,non_oriC_like
ORIC_00109,1,oriC_like
ORIC_01169,1,oriC_like
ORIC_00249,1,oriC_like
ORIC_01261,0,non_oriC_like
ORIC_00099,1,oriC_like
ORIC_00630,1,oriC_like
ORIC_00509,1,oriC_like
ORIC_00857,0,non_oriC_like
ORIC_00130,1,oriC_like
ORIC_01444,0,non_oriC_like
ORIC_00325,0,non_oriC_like
ORIC_00251,0,non_oriC_like
ORIC_00912,0,non_oriC_like
ORIC_00816,0,non_oriC_like
ORIC_00606,1,oriC_like
ORIC_00105,1,oriC_like
ORIC_00254,0,non_oriC_like
ORIC_00194,1,oriC_like
ORIC_00258,0,non_oriC_like
ORIC_00400,0,non_oriC_like
ORIC_00347,0,non_oriC_like
ORIC_00839,0,non_oriC_like
ORIC_01200,1,oriC_like
ORIC_00047,1,oriC_like
ORIC_01406,0,non_oriC_like
ORIC_00235,1,oriC_like
ORIC_01407,0,non_oriC_like
ORIC_01421,0,non_oriC_like
ORIC_00067,1,oriC_like
ORIC_01453,0,non_oriC_like
ORIC_00007,1,oriC_like
ORIC_00121,1,oriC_like
ORIC_01167,1,oriC_like
ORIC_00686,1,oriC_like
ORIC_00925,0,non_oriC_like
ORIC_00809,0,non_oriC_like
ORIC_01031,1,oriC_like
ORIC_01121,1,oriC_like
ORIC_00567,1,oriC_like
ORIC_00717,1,oriC_like
ORIC_00985,0,non_oriC_like
ORIC_01316,0,non_oriC_like
ORIC_00480,0,non_oriC_like
ORIC_00679,1,oriC_like
ORIC_00126,1,oriC_like
ORIC_00384,0,non_oriC_like
ORIC_00180,1,oriC_like
ORIC_00304,0,non_oriC_like
ORIC_01352,0,non_oriC_like
ORIC_01160,1,oriC_like
ORIC_01130,1,oriC_like
ORIC_00094,1,oriC_like
ORIC_00299,0,non_oriC_like
ORIC_00051,1,oriC_like
ORIC_00577,1,oriC_like
ORIC_01456,0,non_oriC_like
ORIC_01311,0,non_oriC_like
ORIC_00309,0,non_oriC_like
ORIC_00672,1,oriC_like
ORIC_01295,0,non_oriC_like
ORIC_00368,0,non_oriC_like
ORIC_01396,0,non_oriC_like
ORIC_00998,0,non_oriC_like
ORIC_00210,1,oriC_like
ORIC_00597,1,oriC_like
ORIC_00085,1,oriC_like
ORIC_00488,0,non_oriC_like
ORIC_00141,1,oriC_like
ORIC_00250,1,oriC_like
ORIC_00996,0,non_oriC_like
ORIC_00967,0,non_oriC_like
ORIC_01332,0,non_oriC_like
ORIC_01206,1,oriC_like
ORIC_01278,0,non_oriC_like
ORIC_01117,1,oriC_like
ORIC_01426,0,non_oriC_like
ORIC_00689,1,oriC_like
ORIC_00863,0,non_oriC_like
ORIC_01266,0,non_oriC_like
ORIC_00205,1,oriC_like
ORIC_00494,0,non_oriC_like
ORIC_00955,0,non_oriC_like
ORIC_00166,1,oriC_like
ORIC_01125,1,oriC_like
ORIC_00733,1,oriC_like
ORIC_01037,1,oriC_like
ORIC_00949,0,non_oriC_like
ORIC_01217,1,oriC_like
ORIC_01449,0,non_oriC_like
ORIC_01462,0,non_oriC_like
ORIC_00977,0,non_oriC_like
ORIC_01096,1,oriC_like
ORIC_00117,1,oriC_like
ORIC_01373,0,non_oriC_like
ORIC_00242,1,oriC_like
ORIC_01415,0,non_oriC_like
ORIC_00171,1,oriC_like
ORIC_01132,1,oriC_like
ORIC_00601,1,oriC_like
ORIC_01001,1,oriC_like
ORIC_00600,1,oriC_like
ORIC_01158,1,oriC_like
ORIC_00870,0,non_oriC_like
ORIC_00232,1,oriC_like
ORIC_01310,0,non_oriC_like
ORIC_00257,0,non_oriC_like
ORIC_01178,1,oriC_like
ORIC_01104,1,oriC_like
ORIC_01215,1,oriC_like
ORIC_01219,1,oriC_like
ORIC_00213,1,oriC_like
ORIC_00579,1,oriC_like
ORIC_00714,1,oriC_like
ORIC_01086,1,oriC_like
ORIC_00154,1,oriC_like
ORIC_00609,1,oriC_like
ORIC_01141,1,oriC_like
ORIC_01013,1,oriC_like
ORIC_00561,1,oriC_like
ORIC_00011,1,oriC_like
ORIC_00737,1,oriC_like
ORIC_01173,1,oriC_like
ORIC_00595,1,oriC_like
ORIC_00372,0,non_oriC_like
ORIC_00440,0,non_oriC_like
ORIC_01344,0,non_oriC_like
ORIC_01298,0,non_oriC_like
ORIC_01269,0,non_oriC_like
ORIC_00618,1,oriC_like
ORIC_01023,1,oriC_like
ORIC_00885,0,non_oriC_like
ORIC_00107,1,oriC_like
ORIC_00840,0,non_oriC_like
ORIC_00914,0,non_oriC_like
ORIC_01469,0,non_oriC_like
ORIC_01411,0,non_oriC_like
ORIC_00648,1,oriC_like
ORIC_00475,0,non_oriC_like
ORIC_00549,1,oriC_like
ORIC_00667,1,oriC_like
ORIC_00632,1,oriC_like
ORIC_01046,1,oriC_like
ORIC_00178,1,oriC_like
ORIC_00841,0,non_oriC_like
ORIC_01397,0,non_oriC_like
ORIC_00160,1,oriC_like
ORIC_00765,0,non_oriC_like
ORIC_01405,0,non_oriC_like
ORIC_00730,1,oriC_like
ORIC_01182,1,oriC_like
ORIC_00556,1,oriC_like
ORIC_00355,0,non_oriC_like
ORIC_00226,1,oriC_like
ORIC_01323,0,non_oriC_like
ORIC_01162,1,oriC_like
ORIC_01472,0,non_oriC_like
ORIC_01247,1,oriC_like
ORIC_00516,1,oriC_like
ORIC_00510,1,oriC_like
ORIC_00989,0,non_oriC_like
ORIC_00791,0,non_oriC_like
ORIC_01166,1,oriC_like
ORIC_00385,0,non_oriC_like
ORIC_00349,0,non_oriC_like
ORIC_00311,0,non_oriC_like
ORIC_00972,0,non_oriC_like
ORIC_00229,1,oriC_like
ORIC_00026,1,oriC_like
ORIC_00666,1,oriC_like
ORIC_00832,0,non_oriC_like
ORIC_01025,1,oriC_like
ORIC_00517,1,oriC_like
ORIC_01145,1,oriC_like
ORIC_00420,0,non_oriC_like
ORIC_00037,1,oriC_like
ORIC_00850,0,non_oriC_like
ORIC_00001,1,oriC_like
ORIC_01476,0,non_oriC_like
ORIC_00419,0,non_oriC_like
ORIC_00664,1,oriC_like
ORIC_00168,1,oriC_like
ORIC_00709,1,oriC_like
ORIC_00929,0,non_oriC_like
ORIC_01050,1,oriC_like
ORIC_00321,0,non_oriC_like
ORIC_00736,1,oriC_like
ORIC_00053,1,oriC_like
ORIC_00614,1,oriC_like
ORIC_00228,1,oriC_like
ORIC_00721,1,oriC_like
ORIC_00680,1,oriC_like
ORIC_00971,0,non_oriC_like
ORIC_01365,0,non_oriC_like
ORIC_01267,0,non_oriC_like
ORIC_00753,0,non_oriC_like
ORIC_01111,1,oriC_like
ORIC_00301,0,non_oriC_like
ORIC_01229,1,oriC_like
ORIC_00172,1,oriC_like
ORIC_00183,1,oriC_like
ORIC_01454,0,non_oriC_like
ORIC_01434,0,non_oriC_like
ORIC_01338,0,non_oriC_like
ORIC_00661,1,oriC_like
ORIC_00716,1,oriC_like
ORIC_00263,0,non_oriC_like
ORIC_00281,0,non_oriC_like
ORIC_00291,0,non_oriC_like
ORIC_01003,1,oriC_like
ORIC_00726,1,oriC_like
ORIC_00408,0,non_oriC_like
ORIC_00909,0,non_oriC_like
ORIC_00120,1,oriC_like
ORIC_01375,0,non_oriC_like
ORIC_00442,0,non_oriC_like
ORIC_01014,1,oriC_like
ORIC_00132,1,oriC_like
ORIC_01343,0,non_oriC_like
ORIC_00159,1,oriC_like
ORIC_01199,1,oriC_like
ORIC_00616,1,oriC_like
ORIC_00473,0,non_oriC_like
ORIC_00339,0,non_oriC_like
ORIC_00864,0,non_oriC_like
ORIC_00302,0,non_oriC_like
ORIC_00144,1,oriC_like
ORIC_00799,0,non_oriC_like
ORIC_00383,0,non_oriC_like
ORIC_00710,1,oriC_like
ORIC_00439,0,non_oriC_like
ORIC_01270,0,non_oriC_like
ORIC_00965,0,non_oriC_like
ORIC_00270,0,non_oriC_like
ORIC_00454,0,non_oriC_like
ORIC_01315,0,non_oriC_like
ORIC_00755,0,non_oriC_like
ORIC_00705,1,oriC_like
ORIC_00033,1,oriC_like
ORIC_00652,1,oriC_like
ORIC_01301,0,non_oriC_like
ORIC_00777,0,non_oriC_like
ORIC_00896,0,non_oriC_like
ORIC_00360,0,non_oriC_like
ORIC_00818,0,non_oriC_like
ORIC_01259,0,non_oriC_like
ORIC_00467,0,non_oriC_like
ORIC_00343,0,non_oriC_like
ORIC_00558,1,oriC_like
ORIC_00426,0,non_oriC_like
ORIC_00656,1,oriC_like
ORIC_00049,1,oriC_like
ORIC_01035,1,oriC_like
ORIC_01300,0,non_oriC_like
ORIC_00933,0,non_oriC_like
ORIC_01253,0,non_oriC_like
ORIC_01357,0,non_oriC_like
ORIC_01225,1,oriC_like
ORIC_00766,0,non_oriC_like
ORIC_00017,1,oriC_like
ORIC_00657,1,oriC_like
ORIC_01190,1,oriC_like
ORIC_00635,1,oriC_like
ORIC_00700,1,oriC_like
ORIC_01044,1,oriC_like
ORIC_00358,0,non_oriC_like
ORIC_00790,0,non_oriC_like
ORIC_00915,0,non_oriC_like
ORIC_00815,0,non_oriC_like
ORIC_01240,1,oriC_like
ORIC_00789,0,non_oriC_like
ORIC_01232,1,oriC_like
ORIC_01015,1,oriC_like
ORIC_00725,1,oriC_like
ORIC_00518,1,oriC_like
ORIC_01388,0,non_oriC_like
ORIC_01127,1,oriC_like
ORIC_00377,0,non_oriC_like
ORIC_00715,1,oriC_like
ORIC_00256,0,non_oriC_like
ORIC_01020,1,oriC_like
ORIC_01463,0,non_oriC_like
ORIC_00644,1,oriC_like
ORIC_00112,1,oriC_like
ORIC_00019,1,oriC_like
ORIC_01089,1,oriC_like
ORIC_01284,0,non_oriC_like
ORIC_01380,0,non_oriC_like
ORIC_00268,0,non_oriC_like
ORIC_01081,1,oriC_like
ORIC_01353,0,non_oriC_like
ORIC_00499,0,non_oriC_like
ORIC_01268,0,non_oriC_like
ORIC_00314,0,non_oriC_like
ORIC_01289,0,non_oriC_like
ORIC_01006,1,oriC_like
ORIC_00871,0,non_oriC_like
ORIC_00029,1,oriC_like
ORIC_00642,1,oriC_like
ORIC_01339,0,non_oriC_like
ORIC_01427,0,non_oriC_like
ORIC_00574,1,oriC_like
ORIC_01304,0,non_oriC_like
ORIC_00528,1,oriC_like
ORIC_00861,0,non_oriC_like
ORIC_00162,1,oriC_like
ORIC_00584,1,oriC_like
ORIC_00215,1,oriC_like
ORIC_00713,1,oriC_like
ORIC_00706,1,oriC_like
ORIC_00460,0,non_oriC_like
ORIC_01054,1,oriC_like
ORIC_00639,1,oriC_like
ORIC_00012,1,oriC_like
ORIC_00625,1,oriC_like
ORIC_00697,1,oriC_like
ORIC_01045,1,oriC_like
ORIC_00641,1,oriC_like
ORIC_00538,1,oriC_like
ORIC_00670,1,oriC_like
ORIC_00326,0,non_oriC_like
ORIC_01019,1,oriC_like
ORIC_01212,1,oriC_like
ORIC_00348,0,non_oriC_like
ORIC_00812,0,non_oriC_like
ORIC_01188,1,oriC_like
ORIC_00921,0,non_oriC_like
ORIC_01128,1,oriC_like
ORIC_00209,1,oriC_like
ORIC_00429,0,non_oriC_like
ORIC_01371,0,non_oriC_like
ORIC_00617,1,oriC_like
ORIC_00406,0,non_oriC_like
ORIC_01205,1,oriC_like
ORIC_00501,1,oriC_like
ORIC_00678,1,oriC_like
ORIC_00578,1,oriC_like
ORIC_00785,0,non_oriC_like
ORIC_00237,1,oriC_like
ORIC_00101,1,oriC_like
ORIC_01189,1,oriC_like
ORIC_00918,0,non_oriC_like
ORIC_00643,1,oriC_like
ORIC_00622,1,oriC_like
ORIC_01210,1,oriC_like
ORIC_01475,0,non_oriC_like
ORIC_01227,1,oriC_like
ORIC_00926,0,non_oriC_like
ORIC_00582,1,oriC_like
ORIC_00447,0,non_oriC_like
ORIC_00882,0,non_oriC_like
ORIC_00939,0,non_oriC_like
ORIC_01461,0,non_oriC_like
ORIC_00203,1,oriC_like
ORIC_00424,0,non_oriC_like
ORIC_01186,1,oriC_like
ORIC_00798,0,non_oriC_like
ORIC_00201,1,oriC_like
ORIC_00904,0,non_oriC_like
ORIC_00129,1,oriC_like
ORIC_00324,0,non_oriC_like
ORIC_01256,0,non_oriC_like
ORIC_00886,0,non_oriC_like
ORIC_01418,0,non_oriC_like
ORIC_00076,1,oriC_like
ORIC_01161,1,oriC_like
ORIC_01281,0,non_oriC_like
ORIC_00389,0,non_oriC_like
ORIC_00750,1,oriC_like
ORIC_00453,0,non_oriC_like
ORIC_00217,1,oriC_like
ORIC_01496,0,non_oriC_like
ORIC_01262,0,non_oriC_like
ORIC_01090,1,oriC_like
ORIC_01395,0,non_oriC_like
ORIC_00446,0,non_oriC_like
ORIC_00878,0,non_oriC_like
ORIC_01136,1,oriC_like
ORIC_01348,0,non_oriC_like
ORIC_00238,1,oriC_like
ORIC_01383,0,non_oriC_like
ORIC_00374,0,non_oriC_like
ORIC_01422,0,non_oriC_like
ORIC_00504,1,oriC_like
ORIC_00313,0,non_oriC_like
ORIC_00691,1,oriC_like
ORIC_01458,0,non_oriC_like
ORIC_00916,0,non_oriC_like
ORIC_00913,0,non_oriC_like
ORIC_00490,0,non_oriC_like
ORIC_00354,0,non_oriC_like
ORIC_01209,1,oriC_like
ORIC_01389,0,non_oriC_like
ORIC_00734,1,oriC_like
ORIC_00502,1,oriC_like
ORIC_00547,1,oriC_like
ORIC_00947,0,non_oriC_like
ORIC_00957,0,non_oriC_like
ORIC_01451,0,non_oriC_like
ORIC_00095,1,oriC_like
ORIC_00731,1,oriC_like
ORIC_00151,1,oriC_like
ORIC_00379,0,non_oriC_like
ORIC_00974,0,non_oriC_like
ORIC_00543,1,oriC_like
ORIC_00554,1,oriC_like
ORIC_01497,0,non_oriC_like
ORIC_00760,0,non_oriC_like
ORIC_00052,1,oriC_like
ORIC_00589,1,oriC_like
ORIC_01129,1,oriC_like
ORIC_01007,1,oriC_like
ORIC_00786,0,non_oriC_like
ORIC_00485,0,non_oriC_like
ORIC_00063,1,oriC_like
ORIC_00103,1,oriC_like
ORIC_01076,1,oriC_like
ORIC_01428,0,non_oriC_like
ORIC_00959,0,non_oriC_like
ORIC_00555,1,oriC_like
ORIC_00559,1,oriC_like
ORIC_01297,0,non_oriC_like
ORIC_00682,1,oriC_like
ORIC_00031,1,oriC_like
ORIC_00397,0,non_oriC_like
ORIC_01354,0,non_oriC_like
ORIC_00023,1,oriC_like
ORIC_00287,0,non_oriC_like
ORIC_00441,0,non_oriC_like
ORIC_00797,0,non_oriC_like
ORIC_00138,1,oriC_like
ORIC_00564,1,oriC_like
ORIC_01203,1,oriC_like
ORIC_00493,0,non_oriC_like
ORIC_00425,0,non_oriC_like
ORIC_00608,1,oriC_like
ORIC_00865,0,non_oriC_like
ORIC_01386,0,non_oriC_like
ORIC_00345,0,non_oriC_like
ORIC_00110,1,oriC_like
ORIC_01390,0,non_oriC_like
ORIC_00727,1,oriC_like
ORIC_00434,0,non_oriC_like
ORIC_01410,0,non_oriC_like
ORIC_01492,0,non_oriC_like
ORIC_00769,0,non_oriC_like
ORIC_00300,0,non_oriC_like
ORIC_00633,1,oriC_like
ORIC_00825,0,non_oriC_like
ORIC_00638,1,oriC_like
ORIC_01429,0,non_oriC_like
ORIC_00070,1,oriC_like
ORIC_01362,0,non_oriC_like
ORIC_00114,1,oriC_like
ORIC_00153,1,oriC_like
ORIC_00534,1,oriC_like
ORIC_01224,1,oriC_like
ORIC_00072,1,oriC_like
ORIC_00588,1,oriC_like
ORIC_01220,1,oriC_like
ORIC_00854,0,non_oriC_like
ORIC_00265,0,non_oriC_like
ORIC_01207,1,oriC_like
ORIC_01150,1,oriC_like
ORIC_01340,0,non_oriC_like
ORIC_01404,0,non_oriC_like
ORIC_01029,1,oriC_like
ORIC_00768,0,non_oriC_like
ORIC_00211,1,oriC_like
ORIC_01378,0,non_oriC_like
ORIC_00478,0,non_oriC_like
ORIC_00058,1,oriC_like
ORIC_01293,0,non_oriC_like
ORIC_00245,1,oriC_like
ORIC_00674,1,oriC_like
ORIC_00048,1,oriC_like
ORIC_00763,0,non_oriC_like
ORIC_00035,1,oriC_like
ORIC_01191,1,oriC_like
ORIC_00199,1,oriC_like
ORIC_00834,0,non_oriC_like
ORIC_01345,0,non_oriC_like
ORIC_01286,0,non_oriC_like
ORIC_00140,1,oriC_like
ORIC_01417,0,non_oriC_like
ORIC_01180,1,oriC_like
ORIC_00647,1,oriC_like
ORIC_01382,0,non_oriC_like
ORIC_00836,0,non_oriC_like
ORIC_01036,1,oriC_like
ORIC_00525,1,oriC_like
ORIC_00907,0,non_oriC_like
ORIC_00350,0,non_oriC_like
ORIC_01202,1,oriC_like
ORIC_00738,1,oriC_like
ORIC_00497,0,non_oriC_like
ORIC_00708,1,oriC_like
ORIC_00410,0,non_oriC_like
ORIC_01435,0,non_oriC_like
ORIC_00489,0,non_oriC_like
ORIC_01061,1,oriC_like
ORIC_00945,0,non_oriC_like
ORIC_00077,1,oriC_like
ORIC_00848,0,non_oriC_like
ORIC_01179,1,oriC_like
ORIC_01255,0,non_oriC_like
ORIC_00620,1,oriC_like
ORIC_01401,0,non_oriC_like
ORIC_00803,0,non_oriC_like
ORIC_00191,1,oriC_like
ORIC_00248,1,oriC_like
ORIC_01230,1,oriC_like
ORIC_01467,0,non_oriC_like
ORIC_00893,0,non_oriC_like
ORIC_00491,0,non_oriC_like
ORIC_00936,0,non_oriC_like
ORIC_01157,1,oriC_like
ORIC_01471,0,non_oriC_like
ORIC_01017,1,oriC_like
ORIC_00663,1,oriC_like
ORIC_00423,0,non_oriC_like
ORIC_00274,0,non_oriC_like
ORIC_00284,0,non_oriC_like
ORIC_00320,0,non_oriC_like
ORIC_01142,1,oriC_like
ORIC_00774,0,non_oriC_like
ORIC_00218,1,oriC_like
ORIC_00036,1,oriC_like
ORIC_00521,1,oriC_like
ORIC_00673,1,oriC_like
ORIC_00277,0,non_oriC_like
ORIC_00604,1,oriC_like
ORIC_00264,0,non_oriC_like
ORIC_00002,1,oriC_like
ORIC_00100,1,oriC_like
ORIC_01443,0,non_oriC_like
ORIC_00066,1,oriC_like
ORIC_01326,0,non_oriC_like
ORIC_00342,0,non_oriC_like
ORIC_00728,1,oriC_like
ORIC_00223,1,oriC_like
ORIC_00830,0,non_oriC_like
ORIC_00804,0,non_oriC_like
ORIC_01321,0,non_oriC_like
ORIC_00059,1,oriC_like
ORIC_00405,0,non_oriC_like
ORIC_00636,1,oriC_like
ORIC_01075,1,oriC_like
ORIC_01474,0,non_oriC_like
ORIC_00357,0,non_oriC_like
ORIC_00124,1,oriC_like
ORIC_01159,1,oriC_like
ORIC_00271,0,non_oriC_like
ORIC_00783,0,non_oriC_like
ORIC_00362,0,non_oriC_like
ORIC_01032,1,oriC_like
ORIC_00376,0,non_oriC_like
ORIC_00305,0,non_oriC_like
ORIC_00675,1,oriC_like
ORIC_01216,1,oriC_like
ORIC_01477,0,non_oriC_like
ORIC_00286,0,non_oriC_like
ORIC_00905,0,non_oriC_like
ORIC_01034,1,oriC_like
ORIC_00772,0,non_oriC_like
ORIC_01237,1,oriC_like
ORIC_00860,0,non_oriC_like
ORIC_01452,0,non_oriC_like
ORIC_00548,1,oriC_like
ORIC_00395,0,non_oriC_like
ORIC_01486,0,non_oriC_like
ORIC_00741,1,oriC_like
ORIC_01403,0,non_oriC_like
ORIC_01055,1,oriC_like
ORIC_01387,0,non_oriC_like
ORIC_01379,0,non_oriC_like
ORIC_00411,0,non_oriC_like
ORIC_00776,0,non_oriC_like
ORIC_00838,0,non_oriC_like
ORIC_00091,1,oriC_like
ORIC_00187,1,oriC_like
ORIC_00083,1,oriC_like
ORIC_00793,0,non_oriC_like
ORIC_01251,0,non_oriC_like
ORIC_00810,0,non_oriC_like
ORIC_00359,0,non_oriC_like
ORIC_01174,1,oriC_like
ORIC_01226,1,oriC_like
ORIC_01223,1,oriC_like
ORIC_00102,1,oriC_like
ORIC_01071,1,oriC_like
ORIC_00591,1,oriC_like
ORIC_00986,0,non_oriC_like
ORIC_00020,1,oriC_like
ORIC_01439,0,non_oriC_like
ORIC_00659,1,oriC_like
ORIC_01448,0,non_oriC_like
ORIC_00065,1,oriC_like
ORIC_00055,1,oriC_like
ORIC_00392,0,non_oriC_like
ORIC_01368,0,non_oriC_like
ORIC_00539,1,oriC_like
ORIC_01308,0,non_oriC_like
ORIC_00167,1,oriC_like
ORIC_01276,0,non_oriC_like
ORIC_00118,1,oriC_like
ORIC_00626,1,oriC_like
ORIC_00770,0,non_oriC_like
ORIC_01084,1,oriC_like
ORIC_00195,1,oriC_like
ORIC_00883,0,non_oriC_like
ORIC_01213,1,oriC_like
ORIC_00192,1,oriC_like
ORIC_01274,0,non_oriC_like
ORIC_01039,1,oriC_like
ORIC_00746,1,oriC_like
ORIC_00318,0,non_oriC_like
ORIC_01154,1,oriC_like
ORIC_00847,0,non_oriC_like
ORIC_01184,1,oriC_like
ORIC_00833,0,non_oriC_like
ORIC_00747,1,oriC_like
ORIC_00034,1,oriC_like
ORIC_01059,1,oriC_like
ORIC_00950,0,non_oriC_like
ORIC_01319,0,non_oriC_like
ORIC_00176,1,oriC_like
ORIC_00409,0,non_oriC_like
ORIC_00545,1,oriC_like
ORIC_01138,1,oriC_like
ORIC_01361,0,non_oriC_like
ORIC_00230,1,oriC_like
ORIC_01283,0,non_oriC_like
ORIC_00338,0,non_oriC_like
ORIC_01500,0,non_oriC_like
ORIC_00316,0,non_oriC_like
ORIC_00968,0,non_oriC_like
ORIC_00319,0,non_oriC_like
ORIC_01264,0,non_oriC_like
ORIC_00288,0,non_oriC_like
ORIC_01056,1,oriC_like
ORIC_01172,1,oriC_like
ORIC_00612,1,oriC_like
ORIC_01392,0,non_oriC_like
ORIC_00236,1,oriC_like
ORIC_00660,1,oriC_like
ORIC_00418,0,non_oriC_like
ORIC_01078,1,oriC_like
ORIC_00759,0,non_oriC_like
ORIC_00828,0,non_oriC_like
ORIC_00901,0,non_oriC_like
ORIC_01077,1,oriC_like
ORIC_00533,1,oriC_like
ORIC_00056,1,oriC_like
ORIC_00503,1,oriC_like
ORIC_00992,0,non_oriC_like
ORIC_00356,0,non_oriC_like
ORIC_00990,0,non_oriC_like
ORIC_01091,1,oriC_like
ORIC_00352,0,non_oriC_like
ORIC_00581,1,oriC_like
ORIC_00252,0,non_oriC_like
ORIC_01445,0,non_oriC_like
ORIC_01436,0,non_oriC_like
ORIC_01252,0,non_oriC_like
ORIC_00931,0,non_oriC_like
ORIC_00455,0,non_oriC_like
ORIC_00887,0,non_oriC_like
ORIC_00456,0,non_oriC_like
ORIC_00522,1,oriC_like
ORIC_00416,0,non_oriC_like
ORIC_00876,0,non_oriC_like
ORIC_00532,1,oriC_like
ORIC_00756,0,non_oriC_like
ORIC_00937,0,non_oriC_like
ORIC_01327,0,non_oriC_like
ORIC_01479,0,non_oriC_like
ORIC_00677,1,oriC_like
ORIC_01074,1,oriC_like
ORIC_00340,0,non_oriC_like
ORIC_00596,1,oriC_like
ORIC_01143,1,oriC_like
ORIC_00621,1,oriC_like
ORIC_01487,0,non_oriC_like
ORIC_00310,0,non_oriC_like
ORIC_00953,0,non_oriC_like
ORIC_01097,1,oriC_like
ORIC_00707,1,oriC_like
ORIC_00962,0,non_oriC_like
ORIC_01416,0,non_oriC_like
ORIC_01012,1,oriC_like
ORIC_01049,1,oriC_like
ORIC_00695,1,oriC_like
ORIC_01341,0,non_oriC_like
ORIC_01468,0,non_oriC_like
ORIC_01480,0,non_oriC_like
ORIC_00995,0,non_oriC_like
ORIC_00323,0,non_oriC_like
ORIC_01194,1,oriC_like
ORIC_01333,0,non_oriC_like
ORIC_00593,1,oriC_like
ORIC_00623,1,oriC_like
ORIC_00605,1,oriC_like
ORIC_01235,1,oriC_like
ORIC_00598,1,oriC_like
ORIC_01008,1,oriC_like
ORIC_00346,0,non_oriC_like
ORIC_00542,1,oriC_like
ORIC_01305,0,non_oriC_like
ORIC_00133,1,oriC_like
ORIC_00802,0,non_oriC_like
ORIC_00537,1,oriC_like
ORIC_01168,1,oriC_like
ORIC_00069,1,oriC_like
ORIC_00535,1,oriC_like
ORIC_00422,0,non_oriC_like
ORIC_00585,1,oriC_like
ORIC_01306,0,non_oriC_like
ORIC_00646,1,oriC_like
ORIC_00413,0,non_oriC_like
ORIC_00365,0,non_oriC_like
ORIC_01033,1,oriC_like
ORIC_00523,1,oriC_like
ORIC_01010,1,oriC_like
ORIC_00592,1,oriC_like
ORIC_01335,0,non_oriC_like
ORIC_00472,0,non_oriC_like
ORIC_00003,1,oriC_like
ORIC_00668,1,oriC_like
ORIC_00934,0,non_oriC_like
ORIC_01248,1,oriC_like
ORIC_00895,0,non_oriC_like
ORIC_01336,0,non_oriC_like
ORIC_00826,0,non_oriC_like
ORIC_00078,1,oriC_like
ORIC_00575,1,oriC_like
ORIC_00097,1,oriC_like
ORIC_00113,1,oriC_like
ORIC_00027,1,oriC_like
ORIC_00852,0,non_oriC_like
ORIC_01290,0,non_oriC_like
ORIC_00788,0,non_oriC_like
ORIC_00021,1,oriC_like
ORIC_00752,0,non_oriC_like
ORIC_00928,0,non_oriC_like
ORIC_00782,0,non_oriC_like
ORIC_00566,1,oriC_like
ORIC_01100,1,oriC_like
ORIC_01385,0,non_oriC_like
ORIC_00401,0,non_oriC_like
ORIC_00587,1,oriC_like
ORIC_01490,0,non_oriC_like
ORIC_00624,1,oriC_like
ORIC_00529,1,oriC_like
ORIC_00364,0,non_oriC_like
ORIC_00380,0,non_oriC_like
ORIC_00724,1,oriC_like
ORIC_01152,1,oriC_like
ORIC_01307,0,non_oriC_like
ORIC_00855,0,non_oriC_like
ORIC_01183,1,oriC_like
ORIC_00868,0,non_oriC_like
ORIC_01030,1,oriC_like
ORIC_00259,0,non_oriC_like
ORIC_00119,1,oriC_like
ORIC_00837,0,non_oriC_like
ORIC_00973,0,non_oriC_like
ORIC_00599,1,oriC_like
ORIC_01244,1,oriC_like
ORIC_00729,1,oriC_like
ORIC_00498,0,non_oriC_like
ORIC_01106,1,oriC_like
ORIC_00831,0,non_oriC_like
ORIC_00353,0,non_oriC_like
ORIC_00919,0,non_oriC_like
ORIC_01197,1,oriC_like
ORIC_01208,1,oriC_like
ORIC_00013,1,oriC_like
ORIC_00976,0,non_oriC_like
ORIC_00511,1,oriC_like
ORIC_00843,0,non_oriC_like
ORIC_00010,1,oriC_like
ORIC_00978,0,non_oriC_like
ORIC_00044,1,oriC_like
ORIC_00329,0,non_oriC_like
ORIC_01164,1,oriC_like
ORIC_00081,1,oriC_like
ORIC_00233,1,oriC_like
ORIC_00247,1,oriC_like
ORIC_01005,1,oriC_like
ORIC_00381,0,non_oriC_like
ORIC_00449,0,non_oriC_like
ORIC_00294,0,non_oriC_like
ORIC_00590,1,oriC_like
ORIC_00952,0,non_oriC_like
ORIC_00296,0,non_oriC_like
ORIC_01412,0,non_oriC_like
ORIC_00898,0,non_oriC_like
ORIC_00748,1,oriC_like
ORIC_00045,1,oriC_like
ORIC_01351,0,non_oriC_like
ORIC_00771,0,non_oriC_like
ORIC_01234,1,oriC_like
ORIC_00106,1,oriC_like
ORIC_00935,0,non_oriC_like
ORIC_01214,1,oriC_like
ORIC_01328,0,non_oriC_like
ORIC_00735,1,oriC_like
ORIC_01241,1,oriC_like
ORIC_00116,1,oriC_like
ORIC_00074,1,oriC_like
ORIC_00704,1,oriC_like
ORIC_00260,0,non_oriC_like
ORIC_00283,0,non_oriC_like
ORIC_01239,1,oriC_like
ORIC_01082,1,oriC_like
ORIC_00289,0,non_oriC_like
ORIC_01393,0,non_oriC_like
ORIC_00524,1,oriC_like
ORIC_01450,0,non_oriC_like
ORIC_00436,0,non_oriC_like
ORIC_01423,0,non_oriC_like
ORIC_00219,1,oriC_like
ORIC_00944,0,non_oriC_like
ORIC_01291,0,non_oriC_like
ORIC_00722,1,oriC_like
ORIC_00344,0,non_oriC_like
ORIC_00005,1,oriC_like
ORIC_00024,1,oriC_like
ORIC_00571,1,oriC_like
ORIC_00681,1,oriC_like
ORIC_00090,1,oriC_like
ORIC_01329,0,non_oriC_like
ORIC_00366,0,non_oriC_like
ORIC_01376,0,non_oriC_like
ORIC_00824,0,non_oriC_like
ORIC_01088,1,oriC_like
ORIC_00484,0,non_oriC_like
ORIC_00156,1,oriC_like
ORIC_00553,1,oriC_like
ORIC_00386,0,non_oriC_like
ORIC_01094,1,oriC_like
ORIC_01069,1,oriC_like
ORIC_00142,1,oriC_like
ORIC_00835,0,non_oriC_like
ORIC_00723,1,oriC_like
ORIC_01067,1,oriC_like
ORIC_00134,1,oriC_like
ORIC_00041,1,oriC_like
ORIC_00690,1,oriC_like
ORIC_00404,0,non_oriC_like
ORIC_01484,0,non_oriC_like
ORIC_00193,1,oriC_like
ORIC_01499,0,non_oriC_like
ORIC_00361,0,non_oriC_like
ORIC_01102,1,oriC_like
ORIC_01250,1,oriC_like
ORIC_00306,0,non_oriC_like
ORIC_00767,0,non_oriC_like
ORIC_01177,1,oriC_like
ORIC_00698,1,oriC_like
ORIC_00994,0,non_oriC_like
ORIC_00071,1,oriC_like
ORIC_01257,0,non_oriC_like
ORIC_00739,1,oriC_like
ORIC_01287,0,non_oriC_like
ORIC_00241,1,oriC_like
ORIC_01231,1,oriC_like
ORIC_01409,0,non_oriC_like
ORIC_01356,0,non_oriC_like
ORIC_00602,1,oriC_like
ORIC_00629,1,oriC_like
ORIC_00387,0,non_oriC_like
ORIC_00483,0,non_oriC_like
ORIC_01302,0,non_oriC_like
ORIC_01098,1,oriC_like
ORIC_00576,1,oriC_like
ORIC_00224,1,oriC_like
ORIC_00462,0,non_oriC_like
ORIC_00015,1,oriC_like
ORIC_00512,1,oriC_like
ORIC_00650,1,oriC_like
ORIC_00627,1,oriC_like
ORIC_00814,0,non_oriC_like
ORIC_00513,1,oriC_like
ORIC_00148,1,oriC_like
ORIC_00655,1,oriC_like
ORIC_01022,1,oriC_like
ORIC_01263,0,non_oriC_like
ORIC_00243,1,oriC_like
ORIC_00297,0,non_oriC_like
ORIC_00147,1,oriC_like
ORIC_01165,1,oriC_like
ORIC_00431,0,non_oriC_like
ORIC_00128,1,oriC_like
ORIC_00813,0,non_oriC_like
ORIC_00073,1,oriC_like
ORIC_00849,0,non_oriC_like
ORIC_00872,0,non_oriC_like
ORIC_01151,1,oriC_like
ORIC_00703,1,oriC_like
ORIC_00780,0,non_oriC_like
ORIC_00980,0,non_oriC_like
ORIC_01196,1,oriC_like
ORIC_00879,0,non_oriC_like
ORIC_01246,1,oriC_like
ORIC_00331,0,non_oriC_like
ORIC_00375,0,non_oriC_like
ORIC_00332,0,non_oriC_like
ORIC_00328,0,non_oriC_like
ORIC_00443,0,non_oriC_like
ORIC_01489,0,non_oriC_like
ORIC_00412,0,non_oriC_like
ORIC_01331,0,non_oriC_like
ORIC_00684,1,oriC_like
ORIC_00273,0,non_oriC_like
ORIC_01465,0,non_oriC_like
ORIC_01366,0,non_oriC_like
ORIC_01153,1,oriC_like
ORIC_00466,0,non_oriC_like
ORIC_00565,1,oriC_like
ORIC_01176,1,oriC_like
ORIC_00018,1,oriC_like
ORIC_01122,1,oriC_like
ORIC_01358,0,non_oriC_like
ORIC_00004,1,oriC_like
ORIC_00028,1,oriC_like
ORIC_01374,0,non_oriC_like
ORIC_01391,0,non_oriC_like
ORIC_00175,1,oriC_like
ORIC_00204,1,oriC_like
ORIC_00293,0,non_oriC_like
ORIC_00458,0,non_oriC_like
ORIC_01135,1,oriC_like
ORIC_00958,0,non_oriC_like
ORIC_00692,1,oriC_like
ORIC_00546,1,oriC_like
ORIC_00671,1,oriC_like
ORIC_00846,0,non_oriC_like
ORIC_00853,0,non_oriC_like
ORIC_01064,1,oriC_like
ORIC_01193,1,oriC_like
ORIC_00583,1,oriC_like
ORIC_00897,0,non_oriC_like
ORIC_00006,1,oriC_like
ORIC_00104,1,oriC_like
ORIC_01470,0,non_oriC_like
ORIC_00170,1,oriC_like
ORIC_00586,1,oriC_like
ORIC_00506,1,oriC_like
ORIC_01493,0,non_oriC_like
ORIC_01195,1,oriC_like
ORIC_00403,0,non_oriC_like
ORIC_01058,1,oriC_like
ORIC_00496,0,non_oriC_like
ORIC_00568,1,oriC_like
ORIC_01285,0,non_oriC_like
ORIC_01156,1,oriC_like
ORIC_00131,1,oriC_like
ORIC_00822,0,non_oriC_like
ORIC_01438,0,non_oriC_like
ORIC_00651,1,oriC_like
ORIC_01272,0,non_oriC_like
ORIC_01466,0,non_oriC_like
ORIC_00881,0,non_oriC_like
ORIC_00046,1,oriC_like
ORIC_00743,1,oriC_like
ORIC_01312,0,non_oriC_like
ORIC_01085,1,oriC_like
ORIC_00773,0,non_oriC_like
ORIC_01425,0,non_oriC_like
ORIC_00910,0,non_oriC_like
ORIC_01060,1,oriC_like
ORIC_01120,1,oriC_like
ORIC_00382,0,non_oriC_like
ORIC_01021,1,oriC_like
ORIC_00562,1,oriC_like
ORIC_01294,0,non_oriC_like
ORIC_01432,0,non_oriC_like
ORIC_00417,0,non_oriC_like
ORIC_00531,1,oriC_like
ORIC_00732,1,oriC_like
ORIC_01491,0,non_oriC_like
ORIC_00557,1,oriC_like
ORIC_01041,1,oriC_like
ORIC_01103,1,oriC_like
ORIC_01048,1,oriC_like
ORIC_01303,0,non_oriC_like
ORIC_00317,0,non_oriC_like
ORIC_00164,1,oriC_like
ORIC_00492,0,non_oriC_like
ORIC_01185,1,oriC_like
ORIC_01118,1,oriC_like
ORIC_00009,1,oriC_like
ORIC_00378,0,non_oriC_like
ORIC_00754,0,non_oriC_like
ORIC_00702,1,oriC_like
ORIC_00603,1,oriC_like
ORIC_00892,0,non_oriC_like
ORIC_00884,0,non_oriC_like
ORIC_00448,0,non_oriC_like
ORIC_00479,0,non_oriC_like
ORIC_01112,1,oriC_like
ORIC_00869,0,non_oriC_like
ORIC_00163,1,oriC_like
ORIC_01139,1,oriC_like
ORIC_01147,1,oriC_like
ORIC_00196,1,oriC_like
ORIC_00043,1,oriC_like
ORIC_00373,0,non_oriC_like
ORIC_00796,0,non_oriC_like
ORIC_00438,0,non_oriC_like
ORIC_00875,0,non_oriC_like
ORIC_00461,0,non_oriC_like
ORIC_00645,1,oriC_like
ORIC_01228,1,oriC_like
ORIC_00042,1,oriC_like
ORIC_00550,1,oriC_like
ORIC_00186,1,oriC_like
ORIC_00908,0,non_oriC_like
ORIC_00719,1,oriC_like
ORIC_01360,0,non_oriC_like
ORIC_01028,1,oriC_like
ORIC_00649,1,oriC_like
ORIC_01011,1,oriC_like
ORIC_00030,1,oriC_like
ORIC_00468,0,non_oriC_like
ORIC_00308,0,non_oriC_like
ORIC_01372,0,non_oriC_like
ORIC_01330,0,non_oriC_like
ORIC_00997,0,non_oriC_like
ORIC_01004,1,oriC_like
ORIC_00917,0,non_oriC_like
ORIC_01066,1,oriC_like
ORIC_00819,0,non_oriC_like
ORIC_00984,0,non_oriC_like
ORIC_01346,0,non_oriC_like
ORIC_01337,0,non_oriC_like
ORIC_00495,0,non_oriC_like
ORIC_00437,0,non_oriC_like
ORIC_00536,1,oriC_like
ORIC_00688,1,oriC_like
ORIC_00784,0,non_oriC_like
ORIC_01113,1,oriC_like
ORIC_01334,0,non_oriC_like
ORIC_00970,0,non_oriC_like
ORIC_00859,0,non_oriC_like
ORIC_00764,0,non_oriC_like
ORIC_00276,0,non_oriC_like
ORIC_01265,0,non_oriC_like
ORIC_00075,1,oriC_like
ORIC_01149,1,oriC_like
ORIC_01062,1,oriC_like
ORIC_00570,1,oriC_like
ORIC_00474,0,non_oriC_like
ORIC_00208,1,oriC_like
ORIC_00963,0,non_oriC_like
ORIC_01052,1,oriC_like
ORIC_00181,1,oriC_like
ORIC_00634,1,oriC_like
ORIC_01095,1,oriC_like
ORIC_00481,0,non_oriC_like
ORIC_00993,0,non_oriC_like
ORIC_00552,1,oriC_like
ORIC_00039,1,oriC_like
ORIC_00862,0,non_oriC_like
ORIC_01457,0,non_oriC_like
ORIC_00573,1,oriC_like
ORIC_00742,1,oriC_like
ORIC_00092,1,oriC_like
ORIC_00779,0,non_oriC_like
ORIC_00307,0,non_oriC_like
ORIC_01218,1,oriC_like
ORIC_00312,0,non_oriC_like
ORIC_00676,1,oriC_like
ORIC_01002,1,oriC_like
ORIC_01040,1,oriC_like
ORIC_00615,1,oriC_like
ORIC_00572,1,oriC_like
ORIC_01483,0,non_oriC_like
ORIC_00285,0,non_oriC_like
ORIC_00964,0,non_oriC_like
ORIC_00182,1,oriC_like
ORIC_01175,1,oriC_like
ORIC_01192,1,oriC_like
ORIC_01140,1,oriC_like
ORIC_00685,1,oriC_like
ORIC_01424,0,non_oriC_like
ORIC_01296,0,non_oriC_like
ORIC_00398,0,non_oriC_like
ORIC_01320,0,non_oriC_like
ORIC_01347,0,non_oriC_like
ORIC_01440,0,non_oriC_like
ORIC_00227,1,oriC_like
ORIC_00155,1,oriC_like
ORIC_01119,1,oriC_like
ORIC_00610,1,oriC_like
ORIC_00450,0,non_oriC_like
ORIC_01083,1,oriC_like
ORIC_00946,0,non_oriC_like
ORIC_01271,0,non_oriC_like
ORIC_01355,0,non_oriC_like
ORIC_01163,1,oriC_like
ORIC_00902,0,non_oriC_like
ORIC_00177,1,oriC_like
ORIC_00560,1,oriC_like
ORIC_00580,1,oriC_like
ORIC_00157,1,oriC_like
ORIC_01221,1,oriC_like
ORIC_01349,0,non_oriC_like
ORIC_00792,0,non_oriC_like
ORIC_00430,0,non_oriC_like
ORIC_01134,1,oriC_like
ORIC_00082,1,oriC_like
ORIC_00943,0,non_oriC_like
ORIC_00025,1,oriC_like
ORIC_00290,0,non_oriC_like
ORIC_01249,1,oriC_like
ORIC_00778,0,non_oriC_like
ORIC_01155,1,oriC_like
ORIC_00108,1,oriC_like
ORIC_00979,0,non_oriC_like
ORIC_01370,0,non_oriC_like
ORIC_01242,1,oriC_like
ORIC_01309,0,non_oriC_like
ORIC_01198,1,oriC_like
ORIC_01123,1,oriC_like
ORIC_00842,0,non_oriC_like
ORIC_00145,1,oriC_like
ORIC_01495,0,non_oriC_like
ORIC_00640,1,oriC_like
ORIC_00762,0,non_oriC_like
ORIC_00856,0,non_oriC_like
ORIC_00827,0,non_oriC_like
ORIC_00115,1,oriC_like
ORIC_01047,1,oriC_like
ORIC_00982,0,non_oriC_like
ORIC_00540,1,oriC_like
ORIC_00906,0,non_oriC_like
ORIC_01243,1,oriC_like
ORIC_00900,0,non_oriC_like
ORIC_00653,1,oriC_like
ORIC_00920,0,non_oriC_like
ORIC_00190,1,oriC_like
ORIC_00060,1,oriC_like
ORIC_00032,1,oriC_like
ORIC_01420,0,non_oriC_like
ORIC_00111,1,oriC_like
ORIC_01277,0,non_oriC_like
ORIC_01400,0,non_oriC_like
ORIC_00040,1,oriC_like
ORIC_00563,1,oriC_like
ORIC_01038,1,oriC_like
ORIC_00619,1,oriC_like
ORIC_00240,1,oriC_like
ORIC_00669,1,oriC_like
ORIC_00179,1,oriC_like
ORIC_00421,0,non_oriC_like
ORIC_01080,1,oriC_like
ORIC_00960,0,non_oriC_like
ORIC_00942,0,non_oriC_like
ORIC_01402,0,non_oriC_like
ORIC_00152,1,oriC_like
ORIC_00520,1,oriC_like
ORIC_00899,0,non_oriC_like
ORIC_01437,0,non_oriC_like
ORIC_01101,1,oriC_like
ORIC_00016,1,oriC_like
ORIC_00137,1,oriC_like
ORIC_00476,0,non_oriC_like
ORIC_00924,0,non_oriC_like
ORIC_01273,0,non_oriC_like
ORIC_00282,0,non_oriC_like
ORIC_01292,0,non_oriC_like
ORIC_00808,0,non_oriC_like
ORIC_01369,0,non_oriC_like
ORIC_01460,0,non_oriC_like
ORIC_01114,1,oriC_like
ORIC_00662,1,oriC_like
ORIC_00272,0,non_oriC_like
ORIC_00991,0,non_oriC_like
ORIC_00246,1,oriC_like
ORIC_01254,0,non_oriC_like
ORIC_00880,0,non_oriC_like
ORIC_00079,1,oriC_like
ORIC_01282,0,non_oriC_like
ORIC_00961,0,non_oriC_like
ORIC_01146,1,oriC_like
ORIC_00098,1,oriC_like
ORIC_00214,1,oriC_like
ORIC_01313,0,non_oriC_like
ORIC_00165,1,oriC_like
ORIC_00414,0,non_oriC_like
ORIC_00613,1,oriC_like
ORIC_01079,1,oriC_like
ORIC_01498,0,non_oriC_like
ORIC_00369,0,non_oriC_like
ORIC_01115,1,oriC_like
ORIC_00811,0,non_oriC_like
ORIC_00303,0,non_oriC_like
ORIC_00445,0,non_oriC_like
ORIC_01170,1,oriC_like
ORIC_00500,0,non_oriC_like
ORIC_00135,1,oriC_like
ORIC_01275,0,non_oriC_like
ORIC_01137,1,oriC_like
ORIC_01018,1,oriC_like
ORIC_01108,1,oriC_like
ORIC_00508,1,oriC_like
ORIC_00515,1,oriC_like
ORIC_00050,1,oriC_like
ORIC_00757,0,non_oriC_like
ORIC_00390,0,non_oriC_like
ORIC_00938,0,non_oriC_like
ORIC_01381,0,non_oriC_like
ORIC_00658,1,oriC_like
ORIC_01441,0,non_oriC_like
ORIC_00845,0,non_oriC_like
ORIC_00948,0,non_oriC_like
ORIC_00805,0,non_oriC_like
ORIC_00087,1,oriC_like
ORIC_00749,1,oriC_like
ORIC_00064,1,oriC_like
ORIC_01181,1,oriC_like
ORIC_00341,0,non_oriC_like
ORIC_00477,0,non_oriC_like
ORIC_00514,1,oriC_like
ORIC_00189,1,oriC_like
ORIC_00402,0,non_oriC_like
ORIC_01280,0,non_oriC_like
ORIC_00239,1,oriC_like
ORIC_00891,0,non_oriC_like
ORIC_00999,0,non_oriC_like
ORIC_01057,1,oriC_like
ORIC_00903,0,non_oriC_like
ORIC_00185,1,oriC_like
ORIC_00795,0,non_oriC_like
ORIC_00873,0,non_oriC_like
ORIC_01093,1,oriC_like
ORIC_00787,0,non_oriC_like
ORIC_01414,0,non_oriC_like
ORIC_01042,1,oriC_like
ORIC_01384,0,non_oriC_like
ORIC_00966,0,non_oriC_like
ORIC_00851,0,non_oriC_like
ORIC_00482,0,non_oriC_like
ORIC_00399,0,non_oriC_like
ORIC_01317,0,non_oriC_like
ORIC_00427,0,non_oriC_like
ORIC_01413,0,non_oriC_like
ORIC_00806,0,non_oriC_like
ORIC_01144,1,oriC_like
ORIC_00987,0,non_oriC_like
ORIC_00396,0,non_oriC_like
ORIC_00267,0,non_oriC_like
ORIC_00981,0,non_oriC_like
ORIC_01070,1,oriC_like
ORIC_01126,1,oriC_like
ORIC_00464,0,non_oriC_like
ORIC_00829,0,non_oriC_like
ORIC_00127,1,oriC_like
ORIC_01367,0,non_oriC_like
ORIC_01398,0,non_oriC_like
ORIC_01364,0,non_oriC_like
ORIC_01053,1,oriC_like
ORIC_01124,1,oriC_like
ORIC_00541,1,oriC_like
ORIC_00452,0,non_oriC_like
ORIC_00874,0,non_oriC_like
ORIC_00526,1,oriC_like
ORIC_01171,1,oriC_like
ORIC_00911,0,non_oriC_like
ORIC_01148,1,oriC_like
ORIC_00927,0,non_oriC_like
ORIC_01485,0,non_oriC_like
ORIC_00519,1,oriC_like
ORIC_00393,0,non_oriC_like
ORIC_00062,1,oriC_like
ORIC_00469,0,non_oriC_like
ORIC_00322,0,non_oriC_like
ORIC_00459,0,non_oriC_like
ORIC_01342,0,non_oriC_like
ORIC_00231,1,oriC_like
ORIC_01187,1,oriC_like
ORIC_01238,1,oriC_like
ORIC_01455,0,non_oriC_like
ORIC_00391,0,non_oriC_like
ORIC_00123,1,oriC_like
ORIC_01222,1,oriC_like
ORIC_00844,0,non_oriC_like
ORIC_00807,0,non_oriC_like
ORIC_00433,0,non_oriC_like
ORIC_01431,0,non_oriC_like
ORIC_00923,0,non_oriC_like
ORIC_00207,1,oriC_like
ORIC_00530,1,oriC_like
ORIC_00139,1,oriC_like
ORIC_00337,0,non_oriC_like
ORIC_00890,0,non_oriC_like
ORIC_00820,0,non_oriC_like
ORIC_01433,0,non_oriC_like
ORIC_00470,0,non_oriC_like
ORIC_00940,0,non_oriC_like
ORIC_00941,0,non_oriC_like
ORIC_01442,0,non_oriC_like
ORIC_00315,0,non_oriC_like
ORIC_00279,0,non_oriC_like
ORIC_00457,0,non_oriC_like
ORIC_00415,0,non_oriC_like
ORIC_00161,1,oriC_like
ORIC_01322,0,non_oriC_like
ORIC_00631,1,oriC_like
ORIC_01260,0,non_oriC_like
ORIC_00295,0,non_oriC_like
ORIC_00867,0,non_oriC_like
ORIC_01279,0,non_oriC_like
ORIC_00951,0,non_oriC_like
ORIC_01211,1,oriC_like
ORIC_00693,1,oriC_like
ORIC_00740,1,oriC_like
ORIC_00712,1,oriC_like
ORIC_00956,0,non_oriC_like
ORIC_00212,1,oriC_like
ORIC_01350,0,non_oriC_like
ORIC_01073,1,oriC_like
ORIC_00486,0,non_oriC_like
ORIC_00371,0,non_oriC_like
ORIC_01068,1,oriC_like
ORIC_01318,0,non_oriC_like
ORIC_01408,0,non_oriC_like
ORIC_00744,1,oriC_like
ORIC_00718,1,oriC_like
ORIC_01024,1,oriC_like
ORIC_00611,1,oriC_like
ORIC_00388,0,non_oriC_like
ORIC_00280,0,non_oriC_like
ORIC_00983,0,non_oriC_like
ORIC_00008,1,oriC_like
ORIC_00922,0,non_oriC_like
